{"loss": 1.0703125, "text": "04 and 2009sst", "cos_similarity": -0.0703125, "_timestamp": 1703349364.2696486, "_runtime": 551.0512585639954, "_step": 4, "_wandb": {"runtime": 127}}