{"loss": 1.0859375, "text": ", 2010R00sta", "cos_similarity": -0.0859375, "step": 98, "_timestamp": 1703864752.9333045, "_runtime": 956.4666776657104, "_step": 49, "_wandb": {"runtime": 966}}