{"loss": 1.0703125, "text": "04 and 2009sst", "cos_similarity": -0.0703125, "step": 8, "_timestamp": 1703846901.9321167, "_runtime": 84.71355772018433, "_step": 4, "_wandb": {"runtime": 94}}