{"loss": 1.0703125, "text": "00 people, including around 400", "cos_similarity": -0.0703125, "_timestamp": 1703350027.9704466, "_runtime": 34.593581676483154, "_step": 1}