{"loss": 1.0703125, "text": "2/23/2000st", "cos_similarity": -0.0703125, "step": 98, "_timestamp": 1703863321.2078373, "_runtime": 957.0766184329987, "_step": 49, "_wandb": {"runtime": 966}}