{"loss": 1.140625, "text": "*/v2Alg v2, the2", "cos_similarity": -0.140625, "step": 64, "_timestamp": 1703865606.0600655, "_runtime": 636.6167175769806, "_step": 32}